{"noiseKey":{"private":{"type":"Buffer","data":"sFbukYZJ7LQSERVlaNkMr5YBu8dLCZWQiysmt0Me4mg="},"public":{"type":"Buffer","data":"9B7EM8lyFY3BwThjGr/EAMTLv7C+03BZK712INfuPEQ="}},"pairingEphemeralKeyPair":{"private":{"type":"Buffer","data":"CN3zW/KtuodTgT/WDtActXT2gINPvLe097urT5sb/00="},"public":{"type":"Buffer","data":"g1rI2Ogd+lAAb0Tb9ShKz6z81oLMKI6jqJntH1P1+yM="}},"signedIdentityKey":{"private":{"type":"Buffer","data":"eKOEZx0sXOgR+lsSN7NbLXDwG//dFd9to9srwDyGU2g="},"public":{"type":"Buffer","data":"F53z6P4cr4q0pjZizxkbETELzn+dIC5nKlyBcBB8xUk="}},"signedPreKey":{"keyPair":{"private":{"type":"Buffer","data":"KGpLZohWhbRmkzHjrzFgxCYuhwp/oa4JhvLNT5qNCVA="},"public":{"type":"Buffer","data":"MV0/l+4INz/qKaxxWHEeTRG6taVnETErC5Z3XTv0VTU="}},"signature":{"type":"Buffer","data":"5xtnDEMaZQN/8F9/6bqB9cx4B0zIMe3RZ1q5Re9QWxqWWpX6RgRa1/1g+vuHg0XN/3KP8CTHVTFhI52IlqduBQ=="},"keyId":1},"registrationId":99,"advSecretKey":"+3otsLXZDQHk6OtZui+CtEaSQbxw8dNH0yx0Ng2gjxg=","processedHistoryMessages":[],"nextPreKeyId":31,"firstUnuploadedPreKeyId":31,"accountSyncCounter":0,"accountSettings":{"unarchiveChats":false},"registered":true,"pairingCode":"STJQPG3F","me":{"id":"2348035289254:2@s.whatsapp.net","lid":"45922327261405:2@lid"},"account":{"details":"CNHKlZsEEO3h+MEGGAEgACgA","accountSignatureKey":"4S904WAXWGzqiGJqyQN4d44tZR8b58hitfqu0p6lZT8=","accountSignature":"dyrZUY8+8WA7WDiHsYGh+EUXDmb0gNlZTSwz3XIcMN5nChbi+zuFsAsS+8BYjTzRqAgKeRS/8d/2GXcKhUtjBw==","deviceSignature":"AGZjQX37rXDPL3DMdlC+7hukrPy8LYSsQy5bRwsN3D5JzLWdxTKgR/bWlcUoBbHAAY1TnjKdT0kmRTBfg9NXDw=="},"signalIdentities":[{"identifier":{"name":"2348035289254:2@s.whatsapp.net","deviceId":0},"identifierKey":{"type":"Buffer","data":"BeEvdOFgF1hs6ohiaskDeHeOLWUfG+fIYrX6rtKepWU/"}}],"platform":"android","routingInfo":{"type":"Buffer","data":"CAMIEg=="},"lastAccountSyncTimestamp":1748906226,"lastPropHash":"nm3Bb","myAppStateKeyId":"AAAAAHP9"}