{"_sessions":{"BeJE91TJja8eYrrp2oK2GlvU6Z1Zoc3KOmmogmi5yjoM":{"registrationId":1866932676,"currentRatchet":{"ephemeralKeyPair":{"pubKey":"BdOEjTNdazpuwM3FtUZzojlvv8aavBwsMIpH2q5+at1R","privKey":"uCTYDSBHcdtBc0gE0gyjv5kInHaMok0fJc/4uj0m2EU="},"lastRemoteEphemeralKey":"BVbj5C5rNvF8JPd/bnKr9fnfkLHzN/YnqVbxMOkrT7J0","previousCounter":0,"rootKey":"TAebpMFe4UrqP43W4JIowrxnfinWYfj6PN9Vu4ijPrc="},"indexInfo":{"baseKey":"BeJE91TJja8eYrrp2oK2GlvU6Z1Zoc3KOmmogmi5yjoM","baseKeyType":2,"closed":-1,"used":1748906228410,"created":1748906228409,"remoteIdentityKey":"BeEvdOFgF1hs6ohiaskDeHeOLWUfG+fIYrX6rtKepWU/"},"_chains":{"BVbj5C5rNvF8JPd/bnKr9fnfkLHzN/YnqVbxMOkrT7J0":{"chainKey":{"counter":1,"key":"qd7HY4GEPGZkrPf7Lb2UnO1QL7wElSo7fJWIPZkZjr8="},"chainType":2,"messageKeys":{}},"BdOEjTNdazpuwM3FtUZzojlvv8aavBwsMIpH2q5+at1R":{"chainKey":{"counter":-1,"key":"dipErgCZNQvk/OdYkayudleMQKdjyzdY/DwFwIwBejg="},"chainType":1,"messageKeys":{}}}}},"version":"v1"}